-- phpMyAdmin SQL Dump
-- version 4.6.3
-- https://www.phpmyadmin.net/
--
-- Host: localhost
-- Generation Time: Mar 31, 2017 at 10:18 PM
-- Server version: 5.7.17-0ubuntu0.16.04.1
-- PHP Version: 7.0.15-0ubuntu0.16.04.4

SET SQL_MODE = "NO_AUTO_VALUE_ON_ZERO";
SET time_zone = "+00:00";


/*!40101 SET @OLD_CHARACTER_SET_CLIENT=@@CHARACTER_SET_CLIENT */;
/*!40101 SET @OLD_CHARACTER_SET_RESULTS=@@CHARACTER_SET_RESULTS */;
/*!40101 SET @OLD_COLLATION_CONNECTION=@@COLLATION_CONNECTION */;
/*!40101 SET NAMES utf8mb4 */;

--
-- Database: `pokemon`
--

-- --------------------------------------------------------

--
-- Table structure for table `battle_chart`
--

CREATE TABLE `battle_chart` (
  `attack_type` int(11) NOT NULL,
  `defense_type` int(11) NOT NULL,
  `ratio` float NOT NULL
) ENGINE=InnoDB DEFAULT CHARSET=utf8;

--
-- Dumping data for table `battle_chart`
--

INSERT INTO `battle_chart` (`attack_type`, `defense_type`, `ratio`) VALUES
(1, 6, 0.5),
(1, 7, 0.5),
(1, 9, 2),
(1, 14, 2),
(1, 15, 0.5),
(1, 18, 2),
(2, 2, 2),
(2, 4, 0),
(2, 11, 0.5),
(3, 7, 2),
(3, 10, 0),
(3, 17, 2),
(4, 2, 2),
(4, 13, 0.5),
(4, 16, 0.5),
(4, 18, 2),
(5, 7, 0.5),
(5, 8, 0),
(5, 11, 2),
(5, 12, 2),
(5, 14, 0.5),
(5, 15, 2),
(5, 16, 2),
(5, 18, 2),
(6, 1, 2),
(6, 9, 2),
(6, 10, 0.5),
(6, 11, 2),
(6, 15, 0.5),
(6, 16, 2),
(6, 17, 0.5),
(7, 1, 2),
(7, 3, 0.5),
(7, 9, 2),
(7, 11, 0.5),
(7, 15, 0.5),
(8, 8, 2),
(8, 12, 0),
(8, 14, 2),
(8, 18, 0.5),
(9, 1, 0.5),
(9, 6, 0.5),
(9, 7, 0.5),
(9, 10, 2),
(9, 11, 0.5),
(9, 13, 0.5),
(9, 15, 2),
(9, 17, 2),
(10, 3, 2),
(10, 6, 2),
(10, 7, 0),
(10, 9, 0.5),
(10, 11, 0.5),
(10, 13, 2),
(10, 15, 2),
(10, 16, 2),
(10, 17, 0.5),
(11, 2, 2),
(11, 6, 0.5),
(11, 7, 2),
(11, 9, 2),
(11, 10, 2),
(11, 15, 0.5),
(11, 16, 0.5),
(12, 8, 0),
(13, 4, 2),
(13, 9, 2),
(13, 10, 0.5),
(13, 14, 0.5),
(13, 16, 0),
(14, 1, 0.5),
(14, 8, 0.5),
(14, 13, 2),
(14, 18, 0),
(15, 1, 2),
(15, 6, 2),
(15, 7, 2),
(15, 9, 0.5),
(15, 10, 0.5),
(15, 11, 2),
(15, 16, 0.5),
(15, 17, 0.5),
(16, 4, 2),
(16, 6, 0.5),
(16, 10, 0.5),
(16, 11, 2),
(16, 15, 2),
(17, 3, 0.5),
(17, 6, 2),
(17, 9, 0.5),
(17, 10, 2),
(17, 15, 2),
(18, 1, 0.5),
(18, 4, 0.5),
(18, 8, 2),
(18, 14, 2);

-- --------------------------------------------------------

--
-- Table structure for table `place`
--

CREATE TABLE `place` (
  `id` int(11) NOT NULL,
  `name` varchar(20) NOT NULL
) ENGINE=InnoDB DEFAULT CHARSET=utf8;

--
-- Dumping data for table `place`
--

INSERT INTO `place` (`id`, `name`) VALUES
(1, 'Pinwheel Forest'),
(2, 'The Volcanic Eifel'),
(3, 'Stormy Beach'),
(4, 'The Abandoned City');

-- --------------------------------------------------------

--
-- Table structure for table `place_pokemon_type`
--

CREATE TABLE `place_pokemon_type` (
  `place_id` int(11) NOT NULL,
  `type_id` int(11) NOT NULL
) ENGINE=InnoDB DEFAULT CHARSET=utf8;

--
-- Dumping data for table `place_pokemon_type`
--

INSERT INTO `place_pokemon_type` (`place_id`, `type_id`) VALUES
(1, 1),
(3, 1),
(4, 1),
(2, 2),
(3, 3),
(4, 3),
(2, 4),
(3, 4),
(4, 5),
(2, 6),
(4, 6),
(2, 7),
(3, 7),
(4, 7),
(1, 8),
(1, 9),
(1, 10),
(4, 10),
(3, 11),
(3, 12),
(4, 12),
(1, 13),
(3, 13),
(3, 14),
(4, 14),
(2, 15),
(3, 16),
(4, 16),
(3, 17),
(1, 18);

-- --------------------------------------------------------

--
-- Table structure for table `player`
--

CREATE TABLE `player` (
  `id` int(11) NOT NULL,
  `username` varchar(50) NOT NULL,
  `level` smallint(6) NOT NULL DEFAULT '1',
  `pokemon_id` int(11) DEFAULT NULL,
  `xp` int(11) NOT NULL DEFAULT '0'
) ENGINE=InnoDB DEFAULT CHARSET=utf8;

-- --------------------------------------------------------

--
-- Table structure for table `pokemon`
--

CREATE TABLE `pokemon` (
  `id` int(3) NOT NULL,
  `name` varchar(20) NOT NULL,
  `types` varchar(100) NOT NULL,
  `stamina` int(3) NOT NULL,
  `attack` int(3) NOT NULL,
  `defense` int(3) NOT NULL,
  `capture_rate` int(3) NOT NULL,
  `flee_rate` int(2) NOT NULL,
  `candy` int(3) DEFAULT NULL,
  `quick_moves` varchar(150) DEFAULT NULL,
  `special_moves` varchar(150) DEFAULT NULL
) ENGINE=InnoDB DEFAULT CHARSET=utf8;

--
-- Dumping data for table `pokemon`
--

INSERT INTO `pokemon` (`id`, `name`, `types`, `stamina`, `attack`, `defense`, `capture_rate`, `flee_rate`, `candy`, `quick_moves`, `special_moves`) VALUES
(1, 'Bulbasaur', 'Grass, Poison', 90, 126, 126, 16, 10, 25, 'Tackle,Vine Whip', 'Power Whip,Seed Bomb,Sludge Bomb'),
(2, 'Ivysaur', 'Grass, Poison', 120, 156, 158, 8, 7, 100, 'Razor Leaf,Vine Whip', 'Power Whip,Sludge Bomb,Solar Beam'),
(3, 'Venusaur', 'Grass, Poison', 160, 198, 200, 4, 5, NULL, 'Razor Leaf,Vine Whip', 'Play Nice,Sludge Bomb,Solar Beam'),
(4, 'Charmander', 'Fire', 78, 128, 108, 16, 10, 25, 'Ember,Scratch', 'Flame Burst,Flame Charge,Flamethrower'),
(5, 'Charmeleon', 'Fire', 116, 160, 140, 8, 7, 100, 'Ember,Scratch', 'Fire Punch,Flame Burst,Flamethrower'),
(6, 'Charizard', 'Fire, Flying', 156, 212, 182, 4, 5, NULL, 'Ember,Wing Attack', 'Dragon Claw,Fire Blast,Flamethrower'),
(7, 'Squirtle', 'Water', 88, 112, 142, 16, 10, 25, 'Bubble,Tackle', 'Aqua Jet,Aqua Tail,Water Pulse'),
(8, 'Wartortle', 'Water', 118, 144, 176, 8, 7, 100, 'Bite,Water Gun', 'Aqua Jet,Hydro Pump,Ice Beam'),
(9, 'Blastoise', 'Water', 158, 186, 222, 4, 5, NULL, 'Bite,Water Gun', 'Flash Cannon,Hydro Pump,Ice Beam'),
(10, 'Caterpie', 'Bug', 90, 62, 66, 40, 20, 12, 'Bug Bite,Tackle', 'Struggle'),
(11, 'Metapod', 'Bug', 100, 56, 86, 20, 9, 50, 'Bug Bite,Tackle', 'Struggle'),
(12, 'Butterfree', 'Bug, Flying', 120, 144, 144, 10, 6, NULL, 'Bug Bite,Confusion', 'Bug Buzz,Psychic,Signal Beam'),
(13, 'Weedle', 'Bug, Poison', 80, 68, 64, 40, 20, 12, 'Bug Bite,Poison Sting', 'Struggle'),
(14, 'Kakuna', 'Bug, Poison', 90, 62, 82, 20, 9, 50, 'Bug Bite,Poison Sting', 'Struggle'),
(15, 'Beedrill', 'Bug, Poison', 130, 144, 130, 10, 6, NULL, 'Bug Bite,Poison Jab', 'Aerial Ace,Sludge Bomb,X-Scissor'),
(16, 'Pidgey', 'Normal, Flying', 80, 94, 90, 40, 20, 12, 'Quick Attack,Tackle', 'Aerial Ace,Air Cutter,Twister'),
(17, 'Pidgeotto', 'Normal, Flying', 126, 126, 122, 20, 9, 50, 'Steel Wing,Wing Attack', 'Aerial Ace,Air Cutter,Twister'),
(18, 'Pidgeot', 'Normal, Flying', 166, 170, 166, 10, 6, NULL, 'Steel Wing,Wing Attack', 'Aerial Ace,Air Cutter,Hurricane'),
(19, 'Rattata', 'Normal', 60, 92, 86, 40, 20, 25, 'Quick Attack,Tackle', 'Body Slam,Dig,Hyper Fang'),
(20, 'Raticate', 'Normal', 110, 146, 150, 16, 7, NULL, 'Bite,Quick Attack', 'Dig,Hyper Beam,Hyper Fang'),
(21, 'Spearow', 'Normal, Flying', 80, 102, 78, 40, 15, 50, 'Peck,Quick Attack', 'Aerial Ace,Drill Peck,Twister'),
(22, 'Fearow', 'Normal, Flying', 130, 168, 146, 16, 7, NULL, 'Peck,Steel Wing', 'Aerial Ace,Drill Run,Twister'),
(23, 'Ekans', 'Poison', 70, 112, 112, 40, 15, 50, 'Acid,Poison Sting', 'Gunk Shot,Sludge Bomb,Wrap'),
(24, 'Arbok', 'Poison', 120, 166, 166, 16, 7, NULL, 'Acid,Bite', 'Dark Pulse,Gunk Shot,Sludge Wave'),
(25, 'Pikachu', 'Electric', 70, 124, 108, 16, 10, 50, 'Quick Attack,Thunder Shock', 'Discharge,Thunder,Thunderbolt'),
(26, 'Raichu', 'Electric', 120, 200, 154, 8, 6, NULL, 'Spark,Thunder Shock', 'Brick Break,Thunder,Thunder Punch'),
(27, 'Sandshrew', 'Ground', 100, 90, 114, 40, 10, 50, 'Mud Shot,Scratch', 'Dig,Rock Slide,Rock Tomb'),
(28, 'Sandslash', 'Ground', 150, 150, 172, 16, 6, NULL, 'Metal Claw,Mud Shot', 'Bulldoze,Earthquake,Rock Tomb'),
(29, 'Nidoran♀', 'Poison', 110, 100, 104, 40, 15, 25, 'Bite,Poison Sting', 'Body Slam,Poison Fang,Sludge Bomb'),
(30, 'Nidorina', 'Poison', 140, 132, 136, 20, 7, 100, 'Bite,Poison Sting', 'Dig,Poison Fang,Sludge Bomb'),
(31, 'Nidoqueen', 'Poison, Ground', 180, 184, 190, 10, 5, NULL, 'Bite,Poison Jab', 'Earthquake,Sludge Wave,Stone Edge'),
(32, 'Nidoran♂', 'Poison', 92, 110, 94, 40, 15, 25, 'Peck,Poison Sting', 'Body Slam,Horn Attack,Sludge Bomb'),
(33, 'Nidorino', 'Poison', 122, 142, 128, 20, 7, 100, 'Poison Jab,Poison Sting', 'Dig,Horn Attack,Sludge Bomb'),
(34, 'Nidoking', 'Poison, Ground', 162, 204, 170, 10, 5, NULL, 'Fury Cutter,Poison Jab', 'Earthquake,Megahorn,Sludge Wave'),
(35, 'Clefairy', 'Fairy', 140, 116, 124, 24, 10, 50, 'Pound,Zen Headbutt', 'Body Slam,Rototiller,Water Shuriken'),
(36, 'Clefable', 'Fairy', 190, 178, 178, 8, 6, NULL, 'Pound,Zen Headbutt', 'Misty Terrain,Psychic,Rototiller'),
(37, 'Vulpix', 'Fire', 76, 106, 118, 24, 10, 50, 'Ember,Quick Attack', 'Body Slam,Flame Charge,Flamethrower'),
(38, 'Ninetales', 'Fire', 146, 176, 194, 8, 6, NULL, 'Ember,Feint Attack', 'Fire Blast,Flamethrower,Heat Wave'),
(39, 'Jigglypuff', 'Normal, Fairy', 230, 98, 54, 40, 10, 50, 'Feint Attack,Pound', 'Body Slam,Dazzling Gleam,Water Shuriken'),
(40, 'Wigglytuff', 'Normal, Fairy', 280, 168, 108, 16, 6, NULL, 'Feint Attack,Pound', 'Dazzling Gleam,Hyper Beam,Misty Terrain'),
(41, 'Zubat', 'Poison, Flying', 80, 88, 90, 40, 20, 50, 'Bite,Quick Attack', 'Air Cutter,Poison Fang,Sludge Bomb'),
(42, 'Golbat', 'Poison, Flying', 150, 164, 164, 16, 7, NULL, 'Bite,Wing Attack', 'Air Cutter,Ominous Wind,Poison Fang'),
(43, 'Oddish', 'Grass, Poison', 90, 134, 130, 48, 15, 25, 'Acid,Razor Leaf', 'Rototiller,Seed Bomb,Sludge Bomb'),
(44, 'Gloom', 'Grass, Poison', 120, 162, 158, 24, 7, 100, 'Acid,Razor Leaf', 'Play Nice,Rototiller,Sludge Bomb'),
(45, 'Vileplume', 'Grass, Poison', 150, 202, 190, 12, 5, NULL, 'Acid,Razor Leaf', 'Play Nice,Rototiller,Solar Beam'),
(46, 'Paras', 'Bug, Grass', 70, 122, 120, 32, 15, 50, 'Bug Bite,Scratch', 'Cross Poison,Seed Bomb,X-Scissor'),
(47, 'Parasect', 'Bug, Grass', 120, 162, 170, 16, 7, NULL, 'Bug Bite,Fury Cutter', 'Cross Poison,Solar Beam,X-Scissor'),
(48, 'Venonat', 'Bug, Poison', 120, 108, 118, 40, 15, 50, 'Bug Bite,Confusion', 'Misty Terrain,Psybeam,Shadow Ball'),
(49, 'Venomoth', 'Bug, Poison', 140, 172, 154, 16, 7, NULL, 'Bug Bite,Confusion', 'Bug Buzz,Poison Fang,Psychic'),
(50, 'Diglett', 'Ground', 20, 108, 86, 40, 10, 50, 'Mud Shot,Scratch', 'Dig,Mud Bomb,Rock Tomb'),
(51, 'Dugtrio', 'Ground', 70, 148, 140, 16, 6, NULL, 'Mud Shot,Sucker Punch', 'Earthquake,Mud Bomb,Stone Edge'),
(52, 'Meowth', 'Normal', 80, 104, 94, 40, 15, 50, 'Bite,Scratch', 'Body Slam,Dark Pulse,Night Slash'),
(53, 'Persian', 'Normal', 130, 156, 146, 16, 7, NULL, 'Feint Attack,Scratch', 'Dazzling Gleam,Night Slash,Power Gem'),
(54, 'Psyduck', 'Water', 100, 132, 112, 40, 10, 50, 'Water Gun,Zen Headbutt', 'Aqua Tail,Cross Chop,Psybeam'),
(55, 'Golduck', 'Water', 160, 194, 176, 16, 6, NULL, 'Confusion,Water Gun', 'Hydro Pump,Ice Beam,Psychic'),
(56, 'Mankey', 'Fighting', 80, 122, 96, 40, 10, 50, 'Karate Chop,Scratch', 'Brick Break,Cross Chop,Low Sweep'),
(57, 'Primeape', 'Fighting', 130, 178, 150, 16, 6, NULL, 'Karate Chop,Low Kick', 'Cross Chop,Low Sweep,Night Slash'),
(58, 'Growlithe', 'Fire', 110, 156, 110, 24, 10, 50, 'Bite,Ember', 'Body Slam,Flame Wheel,Flamethrower'),
(59, 'Arcanine', 'Fire', 180, 230, 180, 8, 6, NULL, 'Bite,Fire Fang', 'Bulldoze,Fire Blast,Flamethrower'),
(60, 'Poliwag', 'Water', 80, 108, 98, 40, 15, 25, 'Bubble,Mud Shot', 'Body Slam,Bubble Beam,Mud Bomb'),
(61, 'Poliwhirl', 'Water', 130, 132, 132, 20, 7, 100, 'Bubble,Mud Shot', 'Bubble Beam,Mud Bomb,Scald'),
(62, 'Poliwrath', 'Water, Fighting', 180, 180, 202, 10, 5, NULL, 'Bubble,Mud Shot', 'Hydro Pump,Ice Punch,Submission'),
(63, 'Abra', 'Psychic', 50, 110, 76, 40, 99, 25, 'Zen Headbutt', 'Psyshock,Shadow Ball,Signal Beam'),
(64, 'Kadabra', 'Psychic', 80, 150, 112, 20, 7, 100, 'Confusion,Psycho Cut', 'Misty Terrain,Psybeam,Shadow Ball'),
(65, 'Alakazam', 'Psychic', 110, 186, 152, 10, 5, NULL, 'Confusion,Psycho Cut', 'Misty Terrain,Psychic,Shadow Ball'),
(66, 'Machop', 'Fighting', 140, 118, 96, 40, 10, 25, 'Karate Chop,Low Kick', 'Brick Break,Cross Chop,Low Sweep'),
(67, 'Machoke', 'Fighting', 160, 154, 144, 20, 7, 100, 'Karate Chop,Low Kick', 'Brick Break,Cross Chop,Submission'),
(68, 'Machamp', 'Fighting', 180, 198, 180, 10, 5, NULL, 'Bullet Punch,Karate Chop', 'Cross Chop,Stone Edge,Submission'),
(69, 'Bellsprout', 'Grass, Poison', 100, 158, 78, 40, 15, 25, 'Acid,Vine Whip', 'Power Whip,Sludge Bomb,Wrap'),
(70, 'Weepinbell', 'Grass, Poison', 130, 190, 110, 20, 7, 100, 'Acid,Razor Leaf', 'Power Whip,Seed Bomb,Sludge Bomb'),
(71, 'Victreebel', 'Grass, Poison', 160, 222, 152, 10, 5, NULL, 'Acid,Razor Leaf', 'Leaf Blade,Sludge Bomb,Solar Beam'),
(72, 'Tentacool', 'Water, Poison', 80, 106, 136, 40, 15, 50, 'Bubble,Poison Sting', 'Bubble Beam,Water Pulse,Wrap'),
(73, 'Tentacruel', 'Water, Poison', 160, 170, 196, 16, 7, NULL, 'Acid,Poison Jab', 'Blizzard,Hydro Pump,Sludge Wave'),
(74, 'Geodude', 'Rock, Ground', 80, 106, 118, 40, 10, 25, 'Rock Throw,Tackle', 'Dig,Rock Slide,Rock Tomb'),
(75, 'Graveler', 'Rock, Ground', 110, 142, 156, 20, 7, 100, 'Mud Shot,Rock Throw', 'Dig,Rock Slide,Stone Edge'),
(76, 'Golem', 'Rock, Ground', 160, 176, 198, 10, 5, NULL, 'Mud Shot,Rock Throw', 'Ancient Power,Earthquake,Stone Edge'),
(77, 'Ponyta', 'Fire', 100, 168, 138, 32, 10, 50, 'Ember,Tackle', 'Fire Blast,Flame Charge,Flame Wheel'),
(78, 'Rapidash', 'Fire', 130, 200, 170, 12, 6, NULL, 'Ember,Low Kick', 'Drill Run,Fire Blast,Heat Wave'),
(79, 'Slowpoke', 'Water, Psychic', 180, 110, 110, 40, 10, 50, 'Confusion,Water Gun', 'Psychic,Psyshock,Water Pulse'),
(80, 'Slowbro', 'Water, Psychic', 190, 184, 198, 16, 6, NULL, 'Confusion,Water Gun', 'Ice Beam,Psychic,Water Pulse'),
(81, 'Magnemite', 'Electric, Steel', 50, 128, 138, 40, 10, 50, 'Spark,Thunder Shock', 'Discharge,Magnet Bomb,Thunderbolt'),
(82, 'Magneton', 'Electric, Steel', 100, 186, 180, 16, 6, NULL, 'Spark,Thunder Shock', 'Discharge,Flash Cannon,Magnet Bomb'),
(83, 'Farfetch\'d', 'Normal, Flying', 104, 138, 132, 24, 9, NULL, 'Cut,Fury Cutter', 'Aerial Ace,Air Cutter,Leaf Blade'),
(84, 'Doduo', 'Normal, Flying', 70, 126, 96, 40, 10, 50, 'Peck,Quick Attack', 'Aerial Ace,Drill Peck,Swift'),
(85, 'Dodrio', 'Normal, Flying', 120, 182, 150, 16, 6, NULL, 'Feint Attack,Steel Wing', 'Aerial Ace,Air Cutter,Drill Peck'),
(86, 'Seel', 'Water', 130, 104, 138, 40, 9, 50, 'Ice Shard,Water Gun', 'Aqua Jet,Aqua Tail,Icy Wind'),
(87, 'Dewgong', 'Water, Ice', 180, 156, 192, 16, 6, NULL, 'Frost Breath,Ice Shard', 'Aqua Jet,Blizzard,Icy Wind'),
(88, 'Grimer', 'Poison', 160, 124, 110, 40, 10, 50, 'Acid,Mud-Slap', 'Mud Bomb,Sludge,Sludge Bomb'),
(89, 'Muk', 'Poison', 210, 180, 188, 16, 6, NULL, 'Acid,Poison Jab', 'Dark Pulse,Gunk Shot,Sludge Wave'),
(90, 'Shellder', 'Water', 60, 120, 112, 40, 10, 50, 'Ice Shard,Tackle', 'Bubble Beam,Icy Wind,Water Pulse'),
(91, 'Cloyster', 'Water, Ice', 100, 196, 196, 16, 6, NULL, 'Frost Breath,Ice Shard', 'Blizzard,Hydro Pump,Icy Wind'),
(92, 'Gastly', 'Ghost, Poison', 60, 136, 82, 32, 10, 25, 'Lick,Sucker Punch', 'Dark Pulse,Ominous Wind,Sludge Bomb'),
(93, 'Haunter', 'Ghost, Poison', 90, 172, 118, 16, 7, 100, 'Lick,Shadow Claw', 'Dark Pulse,Shadow Ball,Sludge Bomb'),
(94, 'Gengar', 'Ghost, Poison', 120, 204, 156, 8, 5, NULL, 'Shadow Claw,Sucker Punch', 'Dark Pulse,Shadow Ball,Sludge Wave'),
(95, 'Onix', 'Rock, Ground', 70, 90, 186, 16, 9, NULL, 'Rock Throw,Tackle', 'Iron Head,Rock Slide,Stone Edge'),
(96, 'Drowzee', 'Psychic', 120, 104, 140, 40, 10, 50, 'Confusion,Pound', 'Psybeam,Psychic,Psyshock'),
(97, 'Hypno', 'Psychic', 170, 162, 196, 16, 6, NULL, 'Confusion,Zen Headbutt', 'Psychic,Psyshock,Shadow Ball'),
(98, 'Krabby', 'Water', 60, 116, 110, 40, 15, 50, 'Bubble,Mud Shot', 'Bubble Beam,Vice Grip,Water Pulse'),
(99, 'Kingler', 'Water', 110, 178, 168, 16, 7, NULL, 'Metal Claw,Mud Shot', 'Vice Grip,Water Pulse,X-Scissor'),
(100, 'Voltorb', 'Electric', 80, 102, 124, 40, 10, 50, 'Spark,Tackle', 'Discharge,Signal Beam,Thunderbolt'),
(101, 'Electrode', 'Electric', 120, 150, 174, 16, 6, NULL, 'Spark,Tackle', 'Discharge,Hyper Beam,Thunderbolt'),
(102, 'Exeggcute', 'Grass, Psychic', 120, 110, 132, 40, 10, 50, 'Confusion', 'Ancient Power,Psychic,Seed Bomb'),
(103, 'Exeggutor', 'Grass, Psychic', 190, 232, 164, 16, 6, NULL, 'Confusion,Zen Headbutt', 'Psychic,Seed Bomb,Solar Beam'),
(104, 'Cubone', 'Ground', 100, 102, 150, 32, 10, 50, 'Mud-Slap,Rock Smash', 'Bone Club,Bulldoze,Dig'),
(105, 'Marowak', 'Ground', 120, 140, 202, 12, 6, NULL, 'Mud-Slap,Rock Smash', 'Bone Club,Dig,Earthquake'),
(106, 'Hitmonlee', 'Fighting', 100, 148, 172, 16, 9, NULL, 'Low Kick,Rock Smash', 'Low Sweep,Stomp,Stone Edge'),
(107, 'Hitmonchan', 'Fighting', 100, 138, 204, 16, 9, NULL, 'Bullet Punch,Rock Smash', 'Brick Break,Fire Punch,Ice Punch,Thunder Punch'),
(108, 'Lickitung', 'Normal', 180, 126, 160, 16, 9, NULL, 'Lick,Zen Headbutt', 'Hyper Beam,Power Whip,Stomp'),
(109, 'Koffing', 'Poison', 80, 136, 142, 40, 10, 50, 'Acid,Tackle', 'Dark Pulse,Sludge,Sludge Bomb'),
(110, 'Weezing', 'Poison', 130, 190, 198, 16, 6, NULL, 'Acid,Tackle', 'Dark Pulse,Shadow Ball,Sludge Bomb'),
(111, 'Rhyhorn', 'Ground, Rock', 160, 110, 116, 40, 10, 50, 'Mud-Slap,Rock Smash', 'Bulldoze,Horn Attack,Stomp'),
(112, 'Rhydon', 'Ground, Rock', 210, 166, 160, 16, 6, NULL, 'Mud-Slap,Rock Smash', 'Earthquake,Megahorn,Stone Edge'),
(113, 'Chansey', 'Normal', 500, 40, 60, 16, 9, NULL, 'Pound,Zen Headbutt', 'Misty Terrain,Psybeam,Psychic'),
(114, 'Tangela', 'Grass', 130, 164, 152, 32, 9, NULL, 'Vine Whip', 'Power Whip,Sludge Bomb,Solar Beam'),
(115, 'Kangaskhan', 'Normal', 210, 142, 178, 16, 9, NULL, 'Low Kick,Mud-Slap', 'Brick Break,Earthquake,Stomp'),
(116, 'Horsea', 'Water', 60, 122, 100, 40, 10, 50, 'Bubble,Water Gun', 'Bubble Beam,Dragon Pulse,Flash Cannon'),
(117, 'Seadra', 'Water', 110, 176, 150, 16, 6, NULL, 'Dragon Breath,Water Gun', 'Blizzard,Dragon Pulse,Hydro Pump'),
(118, 'Goldeen', 'Water', 90, 112, 126, 40, 15, 50, 'Mud Shot,Peck', 'Aqua Tail,Horn Attack,Water Pulse'),
(119, 'Seaking', 'Water', 160, 172, 160, 16, 7, NULL, 'Peck,Poison Jab', 'Drill Run,Icy Wind,Megahorn'),
(120, 'Staryu', 'Water', 60, 130, 128, 40, 15, 50, 'Quick Attack,Water Gun', 'Bubble Beam,Power Gem,Swift'),
(121, 'Starmie', 'Water, Psychic', 120, 194, 192, 16, 6, NULL, 'Quick Attack,Water Gun', 'Hydro Pump,Power Gem,Psybeam'),
(122, 'Mr. Mime', 'Psychic, Fairy', 80, 154, 196, 24, 9, NULL, 'Confusion,Zen Headbutt', 'Psybeam,Psychic,Shadow Ball'),
(123, 'Scyther', 'Bug, Flying', 140, 176, 180, 24, 9, NULL, 'Fury Cutter,Steel Wing', 'Bug Buzz,Night Slash,X-Scissor'),
(124, 'Jynx', 'Ice, Psychic', 130, 172, 134, 24, 9, NULL, 'Frost Breath,Pound', 'Ice Punch,Psyshock,Trick-or-Treat'),
(125, 'Electabuzz', 'Electric', 130, 198, 160, 24, 9, NULL, 'Low Kick,Thunder Shock', 'Thunder,Thunder Punch,Thunderbolt'),
(126, 'Magmar', 'Fire', 130, 214, 158, 24, 9, NULL, 'Ember,Karate Chop', 'Fire Blast,Fire Punch,Flamethrower'),
(127, 'Pinsir', 'Bug', 130, 184, 186, 24, 9, NULL, 'Fury Cutter,Rock Smash', 'Submission,Vice Grip,X-Scissor'),
(128, 'Tauros', 'Normal', 150, 148, 184, 24, 9, NULL, 'Tackle,Zen Headbutt', 'Earthquake,Horn Attack,Iron Head'),
(129, 'Magikarp', 'Water', 40, 42, 84, 56, 15, 400, 'Splash', 'Struggle'),
(130, 'Gyarados', 'Water, Flying', 190, 192, 196, 8, 7, NULL, 'Bite,Dragon Breath', 'Dragon Pulse,Hydro Pump,Twister'),
(131, 'Lapras', 'Water, Ice', 260, 186, 190, 16, 9, NULL, 'Frost Breath,Ice Shard', 'Blizzard,Dragon Pulse,Ice Beam'),
(132, 'Ditto', 'Normal', 96, 110, 110, 16, 10, NULL, 'Pound', 'Struggle'),
(133, 'Eevee', 'Normal', 110, 114, 128, 32, 10, 25, 'Quick Attack,Tackle', 'Body Slam,Dig,Swift'),
(134, 'Vaporeon', 'Water', 260, 186, 168, 12, 6, NULL, 'Water Gun', 'Aqua Tail,Hydro Pump,Water Pulse'),
(135, 'Jolteon', 'Electric', 130, 192, 174, 12, 6, NULL, 'Thunder Shock', 'Discharge,Thunder,Thunderbolt'),
(136, 'Flareon', 'Fire', 130, 238, 178, 12, 6, NULL, 'Ember', 'Fire Blast,Flamethrower,Heat Wave'),
(137, 'Porygon', 'Normal', 130, 156, 158, 32, 9, NULL, 'Quick Attack,Tackle', 'Discharge,Psybeam,Signal Beam'),
(138, 'Omanyte', 'Rock, Water', 70, 132, 160, 32, 9, 50, 'Mud Shot,Water Gun', 'Ancient Power,Brine,Rock Tomb'),
(139, 'Omastar', 'Rock, Water', 140, 180, 202, 12, 5, NULL, 'Rock Throw,Water Gun', 'Ancient Power,Hydro Pump,Rock Slide'),
(140, 'Kabuto', 'Rock, Water', 60, 148, 142, 32, 9, 50, 'Mud Shot,Scratch', 'Ancient Power,Aqua Jet,Rock Tomb'),
(141, 'Kabutops', 'Rock, Water', 120, 190, 190, 12, 5, NULL, 'Fury Cutter,Mud Shot', 'Ancient Power,Stone Edge,Water Pulse'),
(142, 'Aerodactyl', 'Rock, Flying', 160, 182, 162, 16, 9, NULL, 'Bite,Steel Wing', 'Ancient Power,Hyper Beam,Iron Head'),
(143, 'Snorlax', 'Normal', 320, 180, 180, 16, 9, NULL, 'Lick,Zen Headbutt', 'Body Slam,Earthquake,Hyper Beam'),
(144, 'Articuno', 'Ice, Flying', 180, 198, 242, 0, 10, NULL, 'Frost Breath', 'Blizzard,Ice Beam,Icy Wind'),
(145, 'Zapdos', 'Electric, Flying', 180, 232, 194, 0, 10, NULL, 'Thunder Shock', 'Discharge,Thunder,Thunderbolt'),
(146, 'Moltres', 'Fire, Flying', 180, 242, 194, 0, 10, NULL, 'Ember', 'Fire Blast,Flamethrower,Heat Wave'),
(147, 'Dratini', 'Dragon', 82, 128, 110, 32, 9, 25, 'Dragon Breath', 'Aqua Tail,Twister,Wrap'),
(148, 'Dragonair', 'Dragon', 122, 170, 152, 8, 6, 100, 'Dragon Breath', 'Aqua Tail,Dragon Pulse,Wrap'),
(149, 'Dragonite', 'Dragon, Flying', 182, 250, 212, 4, 5, NULL, 'Dragon Breath,Steel Wing', 'Dragon Claw,Dragon Pulse,Hyper Beam'),
(150, 'Mewtwo', 'Psychic', 212, 284, 202, 0, 10, NULL, 'Confusion,Psycho Cut', 'Hyper Beam,Psychic,Shadow Ball'),
(151, 'Mew', 'Psychic', 200, 220, 220, 0, 10, NULL, 'Pound', 'Dragon Pulse,Earthquake,Fire Blast,Hurricane,Hyper Beam,Psychic,Rototiller,Solar Beam,Thunder');

-- --------------------------------------------------------

--
-- Table structure for table `pokemon_type`
--

CREATE TABLE `pokemon_type` (
  `pokemon_id` int(11) NOT NULL,
  `type_id` int(11) NOT NULL
) ENGINE=InnoDB DEFAULT CHARSET=utf8;

--
-- Dumping data for table `pokemon_type`
--

INSERT INTO `pokemon_type` (`pokemon_id`, `type_id`) VALUES
(10, 1),
(11, 1),
(12, 1),
(13, 1),
(14, 1),
(15, 1),
(46, 1),
(47, 1),
(48, 1),
(49, 1),
(123, 1),
(127, 1),
(147, 2),
(148, 2),
(149, 2),
(25, 3),
(26, 3),
(81, 3),
(82, 3),
(100, 3),
(101, 3),
(125, 3),
(135, 3),
(145, 3),
(35, 4),
(36, 4),
(39, 4),
(40, 4),
(122, 4),
(56, 5),
(57, 5),
(62, 5),
(66, 5),
(67, 5),
(68, 5),
(106, 5),
(107, 5),
(4, 6),
(5, 6),
(6, 6),
(37, 6),
(38, 6),
(58, 6),
(59, 6),
(77, 6),
(78, 6),
(126, 6),
(136, 6),
(146, 6),
(6, 7),
(12, 7),
(16, 7),
(17, 7),
(18, 7),
(21, 7),
(22, 7),
(41, 7),
(42, 7),
(83, 7),
(84, 7),
(85, 7),
(123, 7),
(130, 7),
(142, 7),
(144, 7),
(145, 7),
(146, 7),
(149, 7),
(92, 8),
(93, 8),
(94, 8),
(1, 9),
(2, 9),
(3, 9),
(43, 9),
(44, 9),
(45, 9),
(46, 9),
(47, 9),
(69, 9),
(70, 9),
(71, 9),
(102, 9),
(103, 9),
(114, 9),
(27, 10),
(28, 10),
(31, 10),
(34, 10),
(50, 10),
(51, 10),
(74, 10),
(75, 10),
(76, 10),
(95, 10),
(104, 10),
(105, 10),
(111, 10),
(112, 10),
(87, 11),
(91, 11),
(124, 11),
(131, 11),
(144, 11),
(16, 12),
(17, 12),
(18, 12),
(19, 12),
(20, 12),
(21, 12),
(22, 12),
(39, 12),
(40, 12),
(52, 12),
(53, 12),
(83, 12),
(84, 12),
(85, 12),
(108, 12),
(113, 12),
(115, 12),
(128, 12),
(132, 12),
(133, 12),
(137, 12),
(143, 12),
(1, 13),
(2, 13),
(3, 13),
(13, 13),
(14, 13),
(15, 13),
(23, 13),
(24, 13),
(29, 13),
(30, 13),
(31, 13),
(32, 13),
(33, 13),
(34, 13),
(41, 13),
(42, 13),
(43, 13),
(44, 13),
(45, 13),
(48, 13),
(49, 13),
(69, 13),
(70, 13),
(71, 13),
(72, 13),
(73, 13),
(88, 13),
(89, 13),
(92, 13),
(93, 13),
(94, 13),
(109, 13),
(110, 13),
(63, 14),
(64, 14),
(65, 14),
(79, 14),
(80, 14),
(96, 14),
(97, 14),
(102, 14),
(103, 14),
(121, 14),
(122, 14),
(124, 14),
(150, 14),
(151, 14),
(74, 15),
(75, 15),
(76, 15),
(95, 15),
(111, 15),
(112, 15),
(138, 15),
(139, 15),
(140, 15),
(141, 15),
(142, 15),
(81, 16),
(82, 16),
(7, 17),
(8, 17),
(9, 17),
(54, 17),
(55, 17),
(60, 17),
(61, 17),
(62, 17),
(72, 17),
(73, 17),
(79, 17),
(80, 17),
(86, 17),
(87, 17),
(90, 17),
(91, 17),
(98, 17),
(99, 17),
(116, 17),
(117, 17),
(118, 17),
(119, 17),
(120, 17),
(121, 17),
(129, 17),
(130, 17),
(131, 17),
(134, 17),
(138, 17),
(139, 17),
(140, 17),
(141, 17);

-- --------------------------------------------------------

--
-- Table structure for table `pokemon_vs_pokemon`
--

CREATE TABLE `pokemon_vs_pokemon` (
  `attacker_pokemon_id` int(11) NOT NULL,
  `defender_pokemon_id` int(11) NOT NULL,
  `ratio` float NOT NULL
) ENGINE=InnoDB DEFAULT CHARSET=utf8;

--
-- Dumping data for table `pokemon_vs_pokemon`
--

INSERT INTO `pokemon_vs_pokemon` (`attacker_pokemon_id`, `defender_pokemon_id`, `ratio`) VALUES
(1, 1, 0.5),
(1, 2, 0.5),
(1, 3, 0.5),
(1, 4, 0.5),
(1, 5, 0.5),
(1, 6, 0.5),
(1, 7, 2),
(1, 8, 2),
(1, 9, 2),
(1, 10, 0.5),
(1, 11, 0.5),
(1, 12, 0.5),
(1, 13, 0.5),
(1, 14, 0.5),
(1, 15, 0.5),
(1, 16, 0.5),
(1, 17, 0.5),
(1, 18, 0.5),
(1, 19, 1),
(1, 20, 1),
(1, 21, 0.5),
(1, 22, 0.5),
(1, 23, 0.5),
(1, 24, 0.5),
(1, 25, 1),
(1, 26, 1),
(1, 27, 0.5),
(1, 28, 0.5),
(1, 29, 0.5),
(1, 30, 0.5),
(1, 31, 0.5),
(1, 32, 0.5),
(1, 33, 0.5),
(1, 34, 0.5),
(1, 35, 2),
(1, 36, 2),
(1, 37, 0.5),
(1, 38, 0.5),
(1, 39, 2),
(1, 40, 2),
(1, 41, 0.5),
(1, 42, 0.5),
(1, 43, 0.5),
(1, 44, 0.5),
(1, 45, 0.5),
(1, 46, 0.5),
(1, 47, 0.5),
(1, 48, 0.5),
(1, 49, 0.5),
(1, 50, 0.5),
(1, 51, 0.5),
(1, 52, 1),
(1, 53, 1),
(1, 54, 2),
(1, 55, 2),
(1, 56, 1),
(1, 57, 1),
(1, 58, 0.5),
(1, 59, 0.5),
(1, 60, 2),
(1, 61, 2),
(1, 62, 2),
(1, 63, 0.5),
(1, 64, 0.5),
(1, 65, 0.5),
(1, 66, 1),
(1, 67, 1),
(1, 68, 1),
(1, 69, 0.5),
(1, 70, 0.5),
(1, 71, 0.5),
(1, 72, 0.5),
(1, 73, 0.5),
(1, 74, 0.5),
(1, 75, 0.5),
(1, 76, 0.5),
(1, 77, 0.5),
(1, 78, 0.5),
(1, 79, 0.5),
(1, 80, 0.5),
(1, 81, 0),
(1, 82, 0),
(1, 83, 0.5),
(1, 84, 0.5),
(1, 85, 0.5),
(1, 86, 2),
(1, 87, 0.5),
(1, 88, 0.5),
(1, 89, 0.5),
(1, 90, 2),
(1, 91, 0.5),
(1, 92, 0.5),
(1, 93, 0.5),
(1, 94, 0.5),
(1, 95, 0.5),
(1, 96, 0.5),
(1, 97, 0.5),
(1, 98, 2),
(1, 99, 2),
(1, 100, 1),
(1, 101, 1),
(1, 102, 0.5),
(1, 103, 0.5),
(1, 104, 0.5),
(1, 105, 0.5),
(1, 106, 1),
(1, 107, 1),
(1, 108, 1),
(1, 109, 0.5),
(1, 110, 0.5),
(1, 111, 0.5),
(1, 112, 0.5),
(1, 113, 1),
(1, 114, 2),
(1, 115, 1),
(1, 116, 2),
(1, 117, 2),
(1, 118, 2),
(1, 119, 2),
(1, 120, 2),
(1, 121, 0.5),
(1, 122, 0.5),
(1, 123, 0.5),
(1, 124, 0.5),
(1, 125, 1),
(1, 126, 0.5),
(1, 127, 0.5),
(1, 128, 1),
(1, 129, 2),
(1, 130, 0.5),
(1, 131, 0.5),
(1, 132, 1),
(1, 133, 1),
(1, 134, 2),
(1, 135, 1),
(1, 136, 0.5),
(1, 137, 1),
(1, 138, 2),
(1, 139, 2),
(1, 140, 2),
(1, 141, 2),
(1, 142, 0.5),
(1, 143, 1),
(1, 144, 0.5),
(1, 145, 0.5),
(1, 146, 0.5),
(1, 147, 1),
(1, 148, 1),
(1, 149, 0.5),
(1, 150, 0.5),
(1, 151, 0.5),
(2, 1, 0.5),
(2, 4, 0.5),
(2, 7, 2),
(3, 1, 0.5),
(3, 4, 0.5),
(3, 7, 2),
(4, 1, 2),
(4, 2, 2),
(4, 3, 2),
(4, 4, 1),
(4, 5, 1),
(4, 6, 1),
(4, 7, 0.5),
(4, 8, 0.5),
(4, 9, 0.5),
(4, 10, 2),
(4, 11, 2),
(4, 12, 2),
(4, 13, 2),
(4, 14, 2),
(4, 15, 2),
(4, 16, 1),
(4, 17, 1),
(4, 18, 1),
(4, 19, 1),
(4, 20, 1),
(4, 21, 1),
(4, 22, 1),
(4, 23, 1),
(4, 24, 1),
(4, 25, 1),
(4, 26, 1),
(4, 27, 0.5),
(4, 28, 0.5),
(4, 29, 1),
(4, 30, 1),
(4, 31, 0.5),
(4, 32, 1),
(4, 33, 1),
(4, 34, 0.5),
(4, 35, 1),
(4, 36, 1),
(4, 37, 1),
(4, 38, 1),
(4, 39, 1),
(4, 40, 1),
(4, 41, 1),
(4, 42, 1),
(4, 43, 2),
(4, 44, 2),
(4, 45, 2),
(4, 46, 2),
(4, 47, 2),
(4, 48, 2),
(4, 49, 2),
(4, 50, 0.5),
(4, 51, 0.5),
(4, 52, 1),
(4, 53, 1),
(4, 54, 0.5),
(4, 55, 0.5),
(4, 56, 1),
(4, 57, 1),
(4, 58, 1),
(4, 59, 1),
(4, 60, 0.5),
(4, 61, 0.5),
(4, 62, 0.5),
(4, 63, 1),
(4, 64, 1),
(4, 65, 1),
(4, 66, 1),
(4, 67, 1),
(4, 68, 1),
(4, 69, 2),
(4, 70, 2),
(4, 71, 2),
(4, 72, 0.5),
(4, 73, 0.5),
(4, 74, 0.5),
(4, 75, 0.5),
(4, 76, 0.5),
(4, 77, 1),
(4, 78, 1),
(4, 79, 0.5),
(4, 80, 0.5),
(4, 81, 2),
(4, 82, 2),
(4, 83, 1),
(4, 84, 1),
(4, 85, 1),
(4, 86, 0.5),
(4, 87, 0.5),
(4, 88, 1),
(4, 89, 1),
(4, 90, 0.5),
(4, 91, 0.5),
(4, 92, 1),
(4, 93, 1),
(4, 94, 1),
(4, 95, 0.5),
(4, 96, 1),
(4, 97, 1),
(4, 98, 0.5),
(4, 99, 0.5),
(4, 100, 1),
(4, 101, 1),
(4, 102, 2),
(4, 103, 2),
(4, 104, 0.5),
(4, 105, 0.5),
(4, 106, 1),
(4, 107, 1),
(4, 108, 1),
(4, 109, 1),
(4, 110, 1),
(4, 111, 0.5),
(4, 112, 0.5),
(4, 113, 1),
(4, 114, 2),
(4, 115, 1),
(4, 116, 0.5),
(4, 117, 0.5),
(4, 118, 0.5),
(4, 119, 0.5),
(4, 120, 0.5),
(4, 121, 0.5),
(4, 122, 1),
(4, 123, 2),
(4, 124, 2),
(4, 125, 1),
(4, 126, 1),
(4, 127, 2),
(4, 128, 1),
(4, 129, 0.5),
(4, 130, 0.5),
(4, 131, 0.5),
(4, 132, 1),
(4, 133, 1),
(4, 134, 0.5),
(4, 135, 1),
(4, 136, 1),
(4, 137, 1),
(4, 138, 0.5),
(4, 139, 0.5),
(4, 140, 0.5),
(4, 141, 0.5),
(4, 142, 0.5),
(4, 143, 1),
(4, 144, 2),
(4, 145, 1),
(4, 146, 1),
(4, 147, 1),
(4, 148, 1),
(4, 149, 1),
(4, 150, 1),
(4, 151, 1),
(5, 1, 2),
(5, 4, 1),
(5, 7, 0.5),
(6, 1, 2),
(6, 4, 1),
(6, 7, 0.5),
(7, 1, 0.5),
(7, 2, 0.5),
(7, 3, 0.5),
(7, 4, 2),
(7, 5, 2),
(7, 6, 2),
(7, 7, 1),
(7, 8, 1),
(7, 9, 1),
(7, 10, 1),
(7, 11, 1),
(7, 12, 1),
(7, 13, 1),
(7, 14, 1),
(7, 15, 1),
(7, 16, 1),
(7, 17, 1),
(7, 18, 1),
(7, 19, 1),
(7, 20, 1),
(7, 21, 1),
(7, 22, 1),
(7, 23, 1),
(7, 24, 1),
(7, 25, 0.5),
(7, 26, 0.5),
(7, 27, 2),
(7, 28, 2),
(7, 29, 1),
(7, 30, 1),
(7, 31, 2),
(7, 32, 1),
(7, 33, 1),
(7, 34, 2),
(7, 35, 1),
(7, 36, 1),
(7, 37, 2),
(7, 38, 2),
(7, 39, 1),
(7, 40, 1),
(7, 41, 1),
(7, 42, 1),
(7, 43, 0.5),
(7, 44, 0.5),
(7, 45, 0.5),
(7, 46, 0.5),
(7, 47, 0.5),
(7, 48, 1),
(7, 49, 1),
(7, 50, 2),
(7, 51, 2),
(7, 52, 1),
(7, 53, 1),
(7, 54, 1),
(7, 55, 1),
(7, 56, 1),
(7, 57, 1),
(7, 58, 2),
(7, 59, 2),
(7, 60, 1),
(7, 61, 1),
(7, 62, 1),
(7, 63, 1),
(7, 64, 1),
(7, 65, 1),
(7, 66, 1),
(7, 67, 1),
(7, 68, 1),
(7, 69, 0.5),
(7, 70, 0.5),
(7, 71, 0.5),
(7, 72, 1),
(7, 73, 1),
(7, 74, 2),
(7, 75, 2),
(7, 76, 2),
(7, 77, 2),
(7, 78, 2),
(7, 79, 1),
(7, 80, 1),
(7, 81, 0.5),
(7, 82, 0.5),
(7, 83, 1),
(7, 84, 1),
(7, 85, 1),
(7, 86, 1),
(7, 87, 1),
(7, 88, 1),
(7, 89, 1),
(7, 90, 1),
(7, 91, 1),
(7, 92, 1),
(7, 93, 1),
(7, 94, 1),
(7, 95, 2),
(7, 96, 1),
(7, 97, 1),
(7, 98, 1),
(7, 99, 1),
(7, 100, 0.5),
(7, 101, 0.5),
(7, 102, 0.5),
(7, 103, 0.5),
(7, 104, 2),
(7, 105, 2),
(7, 106, 1),
(7, 107, 1),
(7, 108, 1),
(7, 109, 1),
(7, 110, 1),
(7, 111, 2),
(7, 112, 2),
(7, 113, 1),
(7, 114, 0.5),
(7, 115, 1),
(7, 116, 1),
(7, 117, 1),
(7, 118, 1),
(7, 119, 1),
(7, 120, 1),
(7, 121, 1),
(7, 122, 1),
(7, 123, 1),
(7, 124, 1),
(7, 125, 0.5),
(7, 126, 2),
(7, 127, 1),
(7, 128, 1),
(7, 129, 1),
(7, 130, 1),
(7, 131, 1),
(7, 132, 1),
(7, 133, 1),
(7, 134, 1),
(7, 135, 0.5),
(7, 136, 2),
(7, 137, 1),
(7, 138, 2),
(7, 139, 2),
(7, 140, 2),
(7, 141, 2),
(7, 142, 2),
(7, 143, 1),
(7, 144, 1),
(7, 145, 0.5),
(7, 146, 2),
(7, 147, 1),
(7, 148, 1),
(7, 149, 1),
(7, 150, 1),
(7, 151, 1),
(8, 1, 0.5),
(8, 4, 2),
(8, 7, 1),
(9, 1, 0.5),
(9, 4, 2),
(9, 7, 1),
(10, 1, 2),
(10, 4, 0.5),
(10, 7, 1),
(11, 1, 2),
(11, 4, 0.5),
(11, 7, 1),
(12, 1, 2),
(12, 4, 0.5),
(12, 7, 1),
(13, 1, 2),
(13, 4, 0.5),
(13, 7, 1),
(14, 1, 2),
(14, 4, 0.5),
(14, 7, 1),
(15, 1, 2),
(15, 4, 0.5),
(15, 7, 1),
(16, 1, 2),
(16, 4, 1),
(16, 7, 1),
(17, 1, 2),
(17, 4, 1),
(17, 7, 1),
(18, 1, 2),
(18, 4, 1),
(18, 7, 1),
(19, 1, 1),
(19, 4, 1),
(19, 7, 1),
(20, 1, 1),
(20, 4, 1),
(20, 7, 1),
(21, 1, 2),
(21, 4, 1),
(21, 7, 1),
(22, 1, 2),
(22, 4, 1),
(22, 7, 1),
(23, 1, 2),
(23, 4, 1),
(23, 7, 1),
(24, 1, 2),
(24, 4, 1),
(24, 7, 1),
(25, 1, 1),
(25, 4, 1),
(25, 7, 2),
(26, 1, 1),
(26, 4, 1),
(26, 7, 2),
(27, 1, 0.5),
(27, 4, 2),
(27, 7, 0.5),
(28, 1, 0.5),
(28, 4, 2),
(28, 7, 0.5),
(29, 1, 2),
(29, 4, 1),
(29, 7, 1),
(30, 1, 2),
(30, 4, 1),
(30, 7, 1),
(31, 1, 0.5),
(31, 4, 2),
(31, 7, 0.5),
(32, 1, 2),
(32, 4, 1),
(32, 7, 1),
(33, 1, 2),
(33, 4, 1),
(33, 7, 1),
(34, 1, 0.5),
(34, 4, 2),
(34, 7, 0.5),
(35, 1, 0.5),
(35, 4, 1),
(35, 7, 1),
(36, 1, 0.5),
(36, 4, 1),
(36, 7, 1),
(37, 1, 2),
(37, 4, 1),
(37, 7, 0.5),
(38, 1, 2),
(38, 4, 1),
(38, 7, 0.5),
(39, 1, 0.5),
(39, 4, 1),
(39, 7, 1),
(40, 1, 0.5),
(40, 4, 1),
(40, 7, 1),
(41, 1, 2),
(41, 4, 1),
(41, 7, 1),
(42, 1, 2),
(42, 4, 1),
(42, 7, 1),
(43, 1, 0.5),
(43, 4, 0.5),
(43, 7, 2),
(44, 1, 0.5),
(44, 4, 0.5),
(44, 7, 2),
(45, 1, 0.5),
(45, 4, 0.5),
(45, 7, 2),
(46, 1, 0.5),
(46, 4, 0.5),
(46, 7, 2),
(47, 1, 0.5),
(47, 4, 0.5),
(47, 7, 2),
(48, 1, 2),
(48, 4, 0.5),
(48, 7, 1),
(49, 1, 2),
(49, 4, 0.5),
(49, 7, 1),
(50, 1, 0.5),
(50, 4, 2),
(50, 7, 0.5),
(51, 1, 0.5),
(51, 4, 2),
(51, 7, 0.5),
(52, 1, 1),
(52, 4, 1),
(52, 7, 1),
(53, 1, 1),
(53, 4, 1),
(53, 7, 1),
(54, 1, 0.5),
(54, 4, 2),
(54, 7, 1),
(55, 1, 0.5),
(55, 4, 2),
(55, 7, 1),
(56, 1, 1),
(56, 4, 1),
(56, 7, 1),
(57, 1, 1),
(57, 4, 1),
(57, 7, 1),
(58, 1, 2),
(58, 4, 1),
(58, 7, 0.5),
(59, 1, 2),
(59, 4, 1),
(59, 7, 0.5),
(60, 1, 0.5),
(60, 4, 2),
(60, 7, 1),
(61, 1, 0.5),
(61, 4, 2),
(61, 7, 1),
(62, 1, 0.5),
(62, 4, 2),
(62, 7, 1),
(63, 1, 2),
(63, 4, 1),
(63, 7, 1),
(64, 1, 2),
(64, 4, 1),
(64, 7, 1),
(65, 1, 2),
(65, 4, 1),
(65, 7, 1),
(66, 1, 1),
(66, 4, 1),
(66, 7, 1),
(67, 1, 1),
(67, 4, 1),
(67, 7, 1),
(68, 1, 1),
(68, 4, 1),
(68, 7, 1),
(69, 1, 0.5),
(69, 4, 0.5),
(69, 7, 2),
(70, 1, 0.5),
(70, 4, 0.5),
(70, 7, 2),
(71, 1, 0.5),
(71, 4, 0.5),
(71, 7, 2),
(72, 1, 0.5),
(72, 4, 2),
(72, 7, 1),
(73, 1, 0.5),
(73, 4, 2),
(73, 7, 1),
(74, 1, 0.5),
(74, 4, 2),
(74, 7, 0.5),
(75, 1, 0.5),
(75, 4, 2),
(75, 7, 0.5),
(76, 1, 0.5),
(76, 4, 2),
(76, 7, 0.5),
(77, 1, 2),
(77, 4, 1),
(77, 7, 0.5),
(78, 1, 2),
(78, 4, 1),
(78, 7, 0.5),
(79, 1, 0.5),
(79, 4, 2),
(79, 7, 1),
(80, 1, 0.5),
(80, 4, 2),
(80, 7, 1),
(81, 1, 1),
(81, 4, 0.5),
(81, 7, 2),
(82, 1, 1),
(82, 4, 0.5),
(82, 7, 2),
(83, 1, 2),
(83, 4, 1),
(83, 7, 1),
(84, 1, 2),
(84, 4, 1),
(84, 7, 1),
(85, 1, 2),
(85, 4, 1),
(85, 7, 1),
(86, 1, 0.5),
(86, 4, 2),
(86, 7, 1),
(87, 1, 0.5),
(87, 4, 0.5),
(87, 7, 1),
(88, 1, 2),
(88, 4, 1),
(88, 7, 1),
(89, 1, 2),
(89, 4, 1),
(89, 7, 1),
(90, 1, 0.5),
(90, 4, 2),
(90, 7, 1),
(91, 1, 0.5),
(91, 4, 0.5),
(91, 7, 1),
(92, 1, 2),
(92, 4, 1),
(92, 7, 1),
(93, 1, 2),
(93, 4, 1),
(93, 7, 1),
(94, 1, 2),
(94, 4, 1),
(94, 7, 1),
(95, 1, 0.5),
(95, 4, 2),
(95, 7, 0.5),
(96, 1, 2),
(96, 4, 1),
(96, 7, 1),
(97, 1, 2),
(97, 4, 1),
(97, 7, 1),
(98, 1, 0.5),
(98, 4, 2),
(98, 7, 1),
(99, 1, 0.5),
(99, 4, 2),
(99, 7, 1),
(100, 1, 1),
(100, 4, 1),
(100, 7, 2),
(101, 1, 1),
(101, 4, 1),
(101, 7, 2),
(102, 1, 0.5),
(102, 4, 0.5),
(102, 7, 2),
(103, 1, 0.5),
(103, 4, 0.5),
(103, 7, 2),
(104, 1, 0.5),
(104, 4, 2),
(104, 7, 0.5),
(105, 1, 0.5),
(105, 4, 2),
(105, 7, 0.5),
(106, 1, 1),
(106, 4, 1),
(106, 7, 1),
(107, 1, 1),
(107, 4, 1),
(107, 7, 1),
(108, 1, 1),
(108, 4, 1),
(108, 7, 1),
(109, 1, 2),
(109, 4, 1),
(109, 7, 1),
(110, 1, 2),
(110, 4, 1),
(110, 7, 1),
(111, 1, 0.5),
(111, 4, 2),
(111, 7, 0.5),
(112, 1, 0.5),
(112, 4, 2),
(112, 7, 0.5),
(113, 1, 1),
(113, 4, 1),
(113, 7, 1),
(114, 1, 0.5),
(114, 4, 0.5),
(114, 7, 2),
(115, 1, 1),
(115, 4, 1),
(115, 7, 1),
(116, 1, 0.5),
(116, 4, 2),
(116, 7, 1),
(117, 1, 0.5),
(117, 4, 2),
(117, 7, 1),
(118, 1, 0.5),
(118, 4, 2),
(118, 7, 1),
(119, 1, 0.5),
(119, 4, 2),
(119, 7, 1),
(120, 1, 0.5),
(120, 4, 2),
(120, 7, 1),
(121, 1, 0.5),
(121, 4, 2),
(121, 7, 1),
(122, 1, 0.5),
(122, 4, 1),
(122, 7, 1),
(123, 1, 2),
(123, 4, 0.5),
(123, 7, 1),
(124, 1, 2),
(124, 4, 0.5),
(124, 7, 1),
(125, 1, 1),
(125, 4, 1),
(125, 7, 2),
(126, 1, 2),
(126, 4, 1),
(126, 7, 0.5),
(127, 1, 2),
(127, 4, 0.5),
(127, 7, 1),
(128, 1, 1),
(128, 4, 1),
(128, 7, 1),
(129, 1, 0.5),
(129, 4, 2),
(129, 7, 1),
(130, 1, 0.5),
(130, 4, 2),
(130, 7, 1),
(131, 1, 0.5),
(131, 4, 0.5),
(131, 7, 1),
(132, 1, 1),
(132, 4, 1),
(132, 7, 1),
(133, 1, 1),
(133, 4, 1),
(133, 7, 1),
(134, 1, 0.5),
(134, 4, 2),
(134, 7, 1),
(135, 1, 1),
(135, 4, 1),
(135, 7, 2),
(136, 1, 2),
(136, 4, 1),
(136, 7, 0.5),
(137, 1, 1),
(137, 4, 1),
(137, 7, 1),
(138, 1, 0.5),
(138, 4, 2),
(138, 7, 0.5),
(139, 1, 0.5),
(139, 4, 2),
(139, 7, 0.5),
(140, 1, 0.5),
(140, 4, 2),
(140, 7, 0.5),
(141, 1, 0.5),
(141, 4, 2),
(141, 7, 0.5),
(142, 1, 0.5),
(142, 4, 2),
(142, 7, 0.5),
(143, 1, 1),
(143, 4, 1),
(143, 7, 1),
(144, 1, 2),
(144, 4, 0.5),
(144, 7, 1),
(145, 1, 2),
(145, 4, 1),
(145, 7, 2),
(146, 1, 2),
(146, 4, 1),
(146, 7, 0.5),
(147, 1, 1),
(147, 4, 1),
(147, 7, 1),
(148, 1, 1),
(148, 4, 1),
(148, 7, 1),
(149, 1, 2),
(149, 4, 1),
(149, 7, 1),
(150, 1, 2),
(150, 4, 1),
(150, 7, 1),
(151, 1, 2),
(151, 4, 1),
(151, 7, 1);

-- --------------------------------------------------------

--
-- Table structure for table `type`
--

CREATE TABLE `type` (
  `id` int(11) NOT NULL,
  `title` varchar(50) NOT NULL
) ENGINE=InnoDB DEFAULT CHARSET=utf8;

--
-- Dumping data for table `type`
--

INSERT INTO `type` (`id`, `title`) VALUES
(1, 'Bug'),
(18, 'Dark'),
(2, 'Dragon'),
(3, 'Electric'),
(4, 'Fairy'),
(5, 'Fighting'),
(6, 'Fire'),
(7, 'Flying'),
(8, 'Ghost'),
(9, 'Grass'),
(10, 'Ground'),
(11, 'Ice'),
(12, 'Normal'),
(13, 'Poison'),
(14, 'Psychic'),
(15, 'Rock'),
(16, 'Steel'),
(17, 'Water');

--
-- Indexes for dumped tables
--

--
-- Indexes for table `battle_chart`
--
ALTER TABLE `battle_chart`
  ADD PRIMARY KEY (`attack_type`,`defense_type`),
  ADD KEY `battle_chart_ibfk_2` (`defense_type`);

--
-- Indexes for table `place`
--
ALTER TABLE `place`
  ADD PRIMARY KEY (`id`);

--
-- Indexes for table `place_pokemon_type`
--
ALTER TABLE `place_pokemon_type`
  ADD PRIMARY KEY (`place_id`,`type_id`),
  ADD KEY `type_id` (`type_id`);

--
-- Indexes for table `player`
--
ALTER TABLE `player`
  ADD PRIMARY KEY (`id`),
  ADD UNIQUE KEY `username` (`username`),
  ADD KEY `pokemon_id` (`pokemon_id`);

--
-- Indexes for table `pokemon`
--
ALTER TABLE `pokemon`
  ADD PRIMARY KEY (`id`);

--
-- Indexes for table `pokemon_type`
--
ALTER TABLE `pokemon_type`
  ADD PRIMARY KEY (`pokemon_id`,`type_id`),
  ADD KEY `type_id` (`type_id`);

--
-- Indexes for table `pokemon_vs_pokemon`
--
ALTER TABLE `pokemon_vs_pokemon`
  ADD PRIMARY KEY (`attacker_pokemon_id`,`defender_pokemon_id`);

--
-- Indexes for table `type`
--
ALTER TABLE `type`
  ADD PRIMARY KEY (`id`),
  ADD UNIQUE KEY `title` (`title`);

--
-- AUTO_INCREMENT for dumped tables
--

--
-- AUTO_INCREMENT for table `place`
--
ALTER TABLE `place`
  MODIFY `id` int(11) NOT NULL AUTO_INCREMENT;
--
-- AUTO_INCREMENT for table `player`
--
ALTER TABLE `player`
  MODIFY `id` int(11) NOT NULL AUTO_INCREMENT;
--
-- AUTO_INCREMENT for table `type`
--
ALTER TABLE `type`
  MODIFY `id` int(11) NOT NULL AUTO_INCREMENT;
--
-- Constraints for dumped tables
--

--
-- Constraints for table `battle_chart`
--
ALTER TABLE `battle_chart`
  ADD CONSTRAINT `battle_chart_ibfk_1` FOREIGN KEY (`attack_type`) REFERENCES `type` (`id`) ON DELETE CASCADE ON UPDATE CASCADE,
  ADD CONSTRAINT `battle_chart_ibfk_2` FOREIGN KEY (`defense_type`) REFERENCES `type` (`id`) ON DELETE CASCADE ON UPDATE CASCADE;

--
-- Constraints for table `place_pokemon_type`
--
ALTER TABLE `place_pokemon_type`
  ADD CONSTRAINT `place_pokemon_type_ibfk_1` FOREIGN KEY (`place_id`) REFERENCES `place` (`id`) ON DELETE CASCADE ON UPDATE CASCADE,
  ADD CONSTRAINT `place_pokemon_type_ibfk_2` FOREIGN KEY (`type_id`) REFERENCES `type` (`id`);

--
-- Constraints for table `player`
--
ALTER TABLE `player`
  ADD CONSTRAINT `player_ibfk_1` FOREIGN KEY (`pokemon_id`) REFERENCES `pokemon` (`id`);

--
-- Constraints for table `pokemon_type`
--
ALTER TABLE `pokemon_type`
  ADD CONSTRAINT `pokemon_type_ibfk_1` FOREIGN KEY (`pokemon_id`) REFERENCES `pokemon` (`id`) ON DELETE CASCADE ON UPDATE CASCADE,
  ADD CONSTRAINT `pokemon_type_ibfk_2` FOREIGN KEY (`type_id`) REFERENCES `type` (`id`);

/*!40101 SET CHARACTER_SET_CLIENT=@OLD_CHARACTER_SET_CLIENT */;
/*!40101 SET CHARACTER_SET_RESULTS=@OLD_CHARACTER_SET_RESULTS */;
/*!40101 SET COLLATION_CONNECTION=@OLD_COLLATION_CONNECTION */;
